{"cameraMode":{"drawMode":0,"name":"Shaded","section":"Shading Mode"},"sceneLighting":false,"audioPlay":false,"sceneViewState":{"showFog":true,"showMaterialUpdate":false,"showSkybox":false,"showFlares":true,"showImageEffects":true,"showParticleSystems":true},"in2DMode":false,"pivot":{"x":4.198999881744385,"y":1.6399999856948853,"z":5.670000076293945},"rotation":{"x":0.28433799743652346,"y":-0.0040191118605434898,"z":0.0011878927471116186,"w":0.9587486386299133},"size":0.28578901290893557,"orthographic":false}