{"cameraMode":{"drawMode":0,"name":"Shaded","section":"Shading Mode"},"sceneLighting":false,"audioPlay":false,"sceneViewState":{"showFog":true,"showMaterialUpdate":false,"showSkybox":false,"showFlares":true,"showImageEffects":true,"showParticleSystems":true},"in2DMode":false,"pivot":{"x":-32.45255661010742,"y":3.328640937805176,"z":-73.82234191894531},"rotation":{"x":0.08426989614963532,"y":-0.6983649730682373,"z":0.08336229622364044,"w":0.7059310674667358},"size":3.9452340602874758,"orthographic":false}