{"cameraMode":{"drawMode":0,"name":"Shaded","section":"Shading Mode"},"sceneLighting":true,"audioPlay":false,"sceneViewState":{"showFog":true,"showMaterialUpdate":false,"showSkybox":true,"showFlares":true,"showImageEffects":true,"showParticleSystems":true},"in2DMode":false,"pivot":{"x":1.197065830230713,"y":-15.040080070495606,"z":2.7856478691101076},"rotation":{"x":-0.5092735886573792,"y":0.000527247553691268,"z":-0.0002739397168625146,"w":-0.860664963722229},"size":34.34867858886719,"orthographic":false}